{"cameraMode":{"drawMode":0,"name":"Shaded","section":"Shading Mode"},"sceneLighting":false,"audioPlay":false,"sceneViewState":{"m_AlwaysRefresh":false,"showFog":true,"showSkybox":false,"showFlares":true,"showImageEffects":true,"showParticleSystems":true,"showVisualEffectGraphs":true,"m_FxEnabled":true},"in2DMode":false,"pivot":{"x":-1.2164254188537598,"y":1.5362553596496583,"z":-14.239999771118164},"rotation":{"x":-0.028154095634818078,"y":0.15442922711372376,"z":-0.0044023324735462669,"w":-0.9876002073287964},"size":0.8660253882408142,"orthographic":true}